Name, Queue Size, Data Type, Num Bounces, Time (us)
lat_blocking_circular_queue, 128, int32_t, 100000, 4444
lat_blocking_try_circular_queue, 128, int32_t, 100000, 4657
lat_circular_queue, 128, int32_t, 100000, 6142
tp_blocking_circular_queue, 128, int32_t, 100000, 4625
tp_circular_queue, 128, int32_t, 100000, 5817
atomic_queue, 128, int32_t, 100000, 6796
atomic_queue2, 128, int32_t, 100000, 7247
try_atomic_queue2, 128, int32_t, 100000, 7154
spsc_atomic_queue, 128, int32_t, 100000, 3923
spsc_atomic_queue2, 128, int32_t, 100000, 2753
boost_queue, 128, int32_t, 100000, 23485
spsc_boost_queue, 128, int32_t, 100000, 8297
xenium_ramalhete_queue, 128, int32_t, 100000, 10293
moodycamel_concurrentqueue, 128, int32_t, 100000, 13587
spsc_moodycamel_readerwriterqueue, 128, int32_t, 100000, 14567
spsc_moodycamel_readerwritercircularbuffer, 128, int32_t, 100000, 16777
lat_blocking_circular_queue, 128, int32_t, 100000, 4313
lat_blocking_try_circular_queue, 128, int32_t, 100000, 4398
lat_circular_queue, 128, int32_t, 100000, 6255
tp_blocking_circular_queue, 128, int32_t, 100000, 3931
tp_circular_queue, 128, int32_t, 100000, 6750
atomic_queue, 128, int32_t, 100000, 6758
atomic_queue2, 128, int32_t, 100000, 7544
try_atomic_queue2, 128, int32_t, 100000, 7069
spsc_atomic_queue, 128, int32_t, 100000, 2840
spsc_atomic_queue2, 128, int32_t, 100000, 2617
boost_queue, 128, int32_t, 100000, 24020
spsc_boost_queue, 128, int32_t, 100000, 8188
xenium_ramalhete_queue, 128, int32_t, 100000, 10513
moodycamel_concurrentqueue, 128, int32_t, 100000, 15113
spsc_moodycamel_readerwriterqueue, 128, int32_t, 100000, 14369
spsc_moodycamel_readerwritercircularbuffer, 128, int32_t, 100000, 16631
lat_blocking_circular_queue, 128, int32_t, 100000, 3765
lat_blocking_try_circular_queue, 128, int32_t, 100000, 3904
lat_circular_queue, 128, int32_t, 100000, 6359
tp_blocking_circular_queue, 128, int32_t, 100000, 4249
tp_circular_queue, 128, int32_t, 100000, 6142
atomic_queue, 128, int32_t, 100000, 6801
atomic_queue2, 128, int32_t, 100000, 7058
try_atomic_queue2, 128, int32_t, 100000, 7315
spsc_atomic_queue, 128, int32_t, 100000, 2908
spsc_atomic_queue2, 128, int32_t, 100000, 2971
boost_queue, 128, int32_t, 100000, 23430
spsc_boost_queue, 128, int32_t, 100000, 8347
xenium_ramalhete_queue, 128, int32_t, 100000, 10649
moodycamel_concurrentqueue, 128, int32_t, 100000, 15085
spsc_moodycamel_readerwriterqueue, 128, int32_t, 100000, 14407
spsc_moodycamel_readerwritercircularbuffer, 128, int32_t, 100000, 15269
lat_blocking_circular_queue, 128, int32_t, 100000, 3845
lat_blocking_try_circular_queue, 128, int32_t, 100000, 3941
lat_circular_queue, 128, int32_t, 100000, 5573
tp_blocking_circular_queue, 128, int32_t, 100000, 4121
tp_circular_queue, 128, int32_t, 100000, 6833
atomic_queue, 128, int32_t, 100000, 6679
atomic_queue2, 128, int32_t, 100000, 7188
try_atomic_queue2, 128, int32_t, 100000, 7350
spsc_atomic_queue, 128, int32_t, 100000, 2896
spsc_atomic_queue2, 128, int32_t, 100000, 3847
boost_queue, 128, int32_t, 100000, 23263
spsc_boost_queue, 128, int32_t, 100000, 8330
xenium_ramalhete_queue, 128, int32_t, 100000, 11852
moodycamel_concurrentqueue, 128, int32_t, 100000, 19580
spsc_moodycamel_readerwriterqueue, 128, int32_t, 100000, 14476
spsc_moodycamel_readerwritercircularbuffer, 128, int32_t, 100000, 16136
lat_blocking_circular_queue, 128, int32_t, 100000, 4596
lat_blocking_try_circular_queue, 128, int32_t, 100000, 3861
lat_circular_queue, 128, int32_t, 100000, 5993
tp_blocking_circular_queue, 128, int32_t, 100000, 3766
tp_circular_queue, 128, int32_t, 100000, 6260
atomic_queue, 128, int32_t, 100000, 6943
atomic_queue2, 128, int32_t, 100000, 7012
try_atomic_queue2, 128, int32_t, 100000, 7068
spsc_atomic_queue, 128, int32_t, 100000, 2791
spsc_atomic_queue2, 128, int32_t, 100000, 3448
boost_queue, 128, int32_t, 100000, 23746
spsc_boost_queue, 128, int32_t, 100000, 7837
xenium_ramalhete_queue, 128, int32_t, 100000, 10948
moodycamel_concurrentqueue, 128, int32_t, 100000, 17673
spsc_moodycamel_readerwriterqueue, 128, int32_t, 100000, 14673
spsc_moodycamel_readerwritercircularbuffer, 128, int32_t, 100000, 16014
lat_blocking_circular_queue, 128, int32_t, 100000, 4315
lat_blocking_try_circular_queue, 128, int32_t, 100000, 4216
lat_circular_queue, 128, int32_t, 100000, 5966
tp_blocking_circular_queue, 128, int32_t, 100000, 4809
tp_circular_queue, 128, int32_t, 100000, 5598
atomic_queue, 128, int32_t, 100000, 6648
atomic_queue2, 128, int32_t, 100000, 7392
try_atomic_queue2, 128, int32_t, 100000, 7309
spsc_atomic_queue, 128, int32_t, 100000, 3099
spsc_atomic_queue2, 128, int32_t, 100000, 3321
boost_queue, 128, int32_t, 100000, 24014
spsc_boost_queue, 128, int32_t, 100000, 8228
xenium_ramalhete_queue, 128, int32_t, 100000, 11516
moodycamel_concurrentqueue, 128, int32_t, 100000, 19595
spsc_moodycamel_readerwriterqueue, 128, int32_t, 100000, 13433
spsc_moodycamel_readerwritercircularbuffer, 128, int32_t, 100000, 15720
lat_blocking_circular_queue, 128, int32_t, 100000, 4942
lat_blocking_try_circular_queue, 128, int32_t, 100000, 4109
lat_circular_queue, 128, int32_t, 100000, 6125
tp_blocking_circular_queue, 128, int32_t, 100000, 4340
tp_circular_queue, 128, int32_t, 100000, 7263
atomic_queue, 128, int32_t, 100000, 6639
atomic_queue2, 128, int32_t, 100000, 7201
try_atomic_queue2, 128, int32_t, 100000, 6951
spsc_atomic_queue, 128, int32_t, 100000, 2781
spsc_atomic_queue2, 128, int32_t, 100000, 2892
boost_queue, 128, int32_t, 100000, 23752
spsc_boost_queue, 128, int32_t, 100000, 8033
xenium_ramalhete_queue, 128, int32_t, 100000, 10787
moodycamel_concurrentqueue, 128, int32_t, 100000, 18335
spsc_moodycamel_readerwriterqueue, 128, int32_t, 100000, 14103
spsc_moodycamel_readerwritercircularbuffer, 128, int32_t, 100000, 16890
lat_blocking_circular_queue, 128, int32_t, 100000, 3743
lat_blocking_try_circular_queue, 128, int32_t, 100000, 5257
lat_circular_queue, 128, int32_t, 100000, 6454
tp_blocking_circular_queue, 128, int32_t, 100000, 4274
tp_circular_queue, 128, int32_t, 100000, 5681
atomic_queue, 128, int32_t, 100000, 6872
atomic_queue2, 128, int32_t, 100000, 7143
try_atomic_queue2, 128, int32_t, 100000, 7351
spsc_atomic_queue, 128, int32_t, 100000, 3711
spsc_atomic_queue2, 128, int32_t, 100000, 3200
boost_queue, 128, int32_t, 100000, 24061
spsc_boost_queue, 128, int32_t, 100000, 7268
xenium_ramalhete_queue, 128, int32_t, 100000, 10718
moodycamel_concurrentqueue, 128, int32_t, 100000, 16882
spsc_moodycamel_readerwriterqueue, 128, int32_t, 100000, 13877
spsc_moodycamel_readerwritercircularbuffer, 128, int32_t, 100000, 15852
lat_blocking_circular_queue, 128, int32_t, 100000, 4254
lat_blocking_try_circular_queue, 128, int32_t, 100000, 3793
lat_circular_queue, 128, int32_t, 100000, 5912
tp_blocking_circular_queue, 128, int32_t, 100000, 3908
tp_circular_queue, 128, int32_t, 100000, 6304
atomic_queue, 128, int32_t, 100000, 6708
atomic_queue2, 128, int32_t, 100000, 7134
try_atomic_queue2, 128, int32_t, 100000, 7123
spsc_atomic_queue, 128, int32_t, 100000, 2849
spsc_atomic_queue2, 128, int32_t, 100000, 3424
boost_queue, 128, int32_t, 100000, 24215
spsc_boost_queue, 128, int32_t, 100000, 8551
xenium_ramalhete_queue, 128, int32_t, 100000, 10723
moodycamel_concurrentqueue, 128, int32_t, 100000, 17552
spsc_moodycamel_readerwriterqueue, 128, int32_t, 100000, 13363
spsc_moodycamel_readerwritercircularbuffer, 128, int32_t, 100000, 16716
lat_blocking_circular_queue, 128, int32_t, 100000, 4531
lat_blocking_try_circular_queue, 128, int32_t, 100000, 4557
lat_circular_queue, 128, int32_t, 100000, 5604
tp_blocking_circular_queue, 128, int32_t, 100000, 3912
tp_circular_queue, 128, int32_t, 100000, 6522
atomic_queue, 128, int32_t, 100000, 6740
atomic_queue2, 128, int32_t, 100000, 7215
try_atomic_queue2, 128, int32_t, 100000, 7147
spsc_atomic_queue, 128, int32_t, 100000, 3728
spsc_atomic_queue2, 128, int32_t, 100000, 2845
boost_queue, 128, int32_t, 100000, 23963
spsc_boost_queue, 128, int32_t, 100000, 8068
xenium_ramalhete_queue, 128, int32_t, 100000, 12140
moodycamel_concurrentqueue, 128, int32_t, 100000, 17068
spsc_moodycamel_readerwriterqueue, 128, int32_t, 100000, 14624
spsc_moodycamel_readerwritercircularbuffer, 128, int32_t, 100000, 15958
lat_blocking_circular_queue, 128, int32_t, 100000, 4125
lat_blocking_try_circular_queue, 128, int32_t, 100000, 3807
lat_circular_queue, 128, int32_t, 100000, 5885
tp_blocking_circular_queue, 128, int32_t, 100000, 3949
tp_circular_queue, 128, int32_t, 100000, 6685
atomic_queue, 128, int32_t, 100000, 6866
atomic_queue2, 128, int32_t, 100000, 7329
try_atomic_queue2, 128, int32_t, 100000, 7187
spsc_atomic_queue, 128, int32_t, 100000, 2949
spsc_atomic_queue2, 128, int32_t, 100000, 2956
boost_queue, 128, int32_t, 100000, 23663
spsc_boost_queue, 128, int32_t, 100000, 7720
xenium_ramalhete_queue, 128, int32_t, 100000, 12158
moodycamel_concurrentqueue, 128, int32_t, 100000, 16814
spsc_moodycamel_readerwriterqueue, 128, int32_t, 100000, 14483
spsc_moodycamel_readerwritercircularbuffer, 128, int32_t, 100000, 16309
lat_blocking_circular_queue, 128, int32_t, 100000, 5073
lat_blocking_try_circular_queue, 128, int32_t, 100000, 4263
lat_circular_queue, 128, int32_t, 100000, 6038
tp_blocking_circular_queue, 128, int32_t, 100000, 4497
tp_circular_queue, 128, int32_t, 100000, 6758
atomic_queue, 128, int32_t, 100000, 6656
atomic_queue2, 128, int32_t, 100000, 7335
try_atomic_queue2, 128, int32_t, 100000, 7520
spsc_atomic_queue, 128, int32_t, 100000, 2879
spsc_atomic_queue2, 128, int32_t, 100000, 2793
boost_queue, 128, int32_t, 100000, 23880
spsc_boost_queue, 128, int32_t, 100000, 8204
xenium_ramalhete_queue, 128, int32_t, 100000, 10669
moodycamel_concurrentqueue, 128, int32_t, 100000, 16674
spsc_moodycamel_readerwriterqueue, 128, int32_t, 100000, 14336
spsc_moodycamel_readerwritercircularbuffer, 128, int32_t, 100000, 16076
lat_blocking_circular_queue, 128, int32_t, 100000, 5175
lat_blocking_try_circular_queue, 128, int32_t, 100000, 4345
lat_circular_queue, 128, int32_t, 100000, 6084
tp_blocking_circular_queue, 128, int32_t, 100000, 4538
tp_circular_queue, 128, int32_t, 100000, 5619
atomic_queue, 128, int32_t, 100000, 6770
atomic_queue2, 128, int32_t, 100000, 7156
try_atomic_queue2, 128, int32_t, 100000, 7540
spsc_atomic_queue, 128, int32_t, 100000, 2714
spsc_atomic_queue2, 128, int32_t, 100000, 3269
boost_queue, 128, int32_t, 100000, 24189
spsc_boost_queue, 128, int32_t, 100000, 8160
xenium_ramalhete_queue, 128, int32_t, 100000, 11013
moodycamel_concurrentqueue, 128, int32_t, 100000, 17228
spsc_moodycamel_readerwriterqueue, 128, int32_t, 100000, 14549
spsc_moodycamel_readerwritercircularbuffer, 128, int32_t, 100000, 16754
lat_blocking_circular_queue, 128, int32_t, 100000, 4302
lat_blocking_try_circular_queue, 128, int32_t, 100000, 3777
lat_circular_queue, 128, int32_t, 100000, 5714
tp_blocking_circular_queue, 128, int32_t, 100000, 4846
tp_circular_queue, 128, int32_t, 100000, 6029
atomic_queue, 128, int32_t, 100000, 6714
atomic_queue2, 128, int32_t, 100000, 7140
try_atomic_queue2, 128, int32_t, 100000, 7382
spsc_atomic_queue, 128, int32_t, 100000, 3744
spsc_atomic_queue2, 128, int32_t, 100000, 3051
boost_queue, 128, int32_t, 100000, 23745
spsc_boost_queue, 128, int32_t, 100000, 8226
xenium_ramalhete_queue, 128, int32_t, 100000, 12263
moodycamel_concurrentqueue, 128, int32_t, 100000, 17000
spsc_moodycamel_readerwriterqueue, 128, int32_t, 100000, 14341
spsc_moodycamel_readerwritercircularbuffer, 128, int32_t, 100000, 15812
lat_blocking_circular_queue, 128, int32_t, 100000, 4110
lat_blocking_try_circular_queue, 128, int32_t, 100000, 3813
lat_circular_queue, 128, int32_t, 100000, 6584
tp_blocking_circular_queue, 128, int32_t, 100000, 3994
tp_circular_queue, 128, int32_t, 100000, 7449
atomic_queue, 128, int32_t, 100000, 6672
atomic_queue2, 128, int32_t, 100000, 7266
try_atomic_queue2, 128, int32_t, 100000, 7344
spsc_atomic_queue, 128, int32_t, 100000, 2653
spsc_atomic_queue2, 128, int32_t, 100000, 2827
boost_queue, 128, int32_t, 100000, 23819
spsc_boost_queue, 128, int32_t, 100000, 8295
xenium_ramalhete_queue, 128, int32_t, 100000, 10495
moodycamel_concurrentqueue, 128, int32_t, 100000, 16940
spsc_moodycamel_readerwriterqueue, 128, int32_t, 100000, 14679
spsc_moodycamel_readerwritercircularbuffer, 128, int32_t, 100000, 16333
lat_blocking_circular_queue, 128, int32_t, 100000, 4179
lat_blocking_try_circular_queue, 128, int32_t, 100000, 4750
lat_circular_queue, 128, int32_t, 100000, 5601
tp_blocking_circular_queue, 128, int32_t, 100000, 4831
tp_circular_queue, 128, int32_t, 100000, 6379
atomic_queue, 128, int32_t, 100000, 6678
atomic_queue2, 128, int32_t, 100000, 7283
try_atomic_queue2, 128, int32_t, 100000, 7405
spsc_atomic_queue, 128, int32_t, 100000, 2818
spsc_atomic_queue2, 128, int32_t, 100000, 2654
boost_queue, 128, int32_t, 100000, 23878
spsc_boost_queue, 128, int32_t, 100000, 8056
xenium_ramalhete_queue, 128, int32_t, 100000, 12197
moodycamel_concurrentqueue, 128, int32_t, 100000, 17279
spsc_moodycamel_readerwriterqueue, 128, int32_t, 100000, 14289
spsc_moodycamel_readerwritercircularbuffer, 128, int32_t, 100000, 15818
lat_blocking_circular_queue, 128, int32_t, 100000, 4444
lat_blocking_try_circular_queue, 128, int32_t, 100000, 3837
lat_circular_queue, 128, int32_t, 100000, 6607
tp_blocking_circular_queue, 128, int32_t, 100000, 4855
tp_circular_queue, 128, int32_t, 100000, 7654
atomic_queue, 128, int32_t, 100000, 6726
atomic_queue2, 128, int32_t, 100000, 7450
try_atomic_queue2, 128, int32_t, 100000, 7351
spsc_atomic_queue, 128, int32_t, 100000, 2823
spsc_atomic_queue2, 128, int32_t, 100000, 3413
boost_queue, 128, int32_t, 100000, 24046
spsc_boost_queue, 128, int32_t, 100000, 8160
xenium_ramalhete_queue, 128, int32_t, 100000, 10667
moodycamel_concurrentqueue, 128, int32_t, 100000, 16433
spsc_moodycamel_readerwriterqueue, 128, int32_t, 100000, 13550
spsc_moodycamel_readerwritercircularbuffer, 128, int32_t, 100000, 15741
lat_blocking_circular_queue, 128, int32_t, 100000, 3754
lat_blocking_try_circular_queue, 128, int32_t, 100000, 4019
lat_circular_queue, 128, int32_t, 100000, 5528
tp_blocking_circular_queue, 128, int32_t, 100000, 4303
tp_circular_queue, 128, int32_t, 100000, 7089
atomic_queue, 128, int32_t, 100000, 6633
atomic_queue2, 128, int32_t, 100000, 7356
try_atomic_queue2, 128, int32_t, 100000, 7282
spsc_atomic_queue, 128, int32_t, 100000, 2662
spsc_atomic_queue2, 128, int32_t, 100000, 2773
boost_queue, 128, int32_t, 100000, 23909
spsc_boost_queue, 128, int32_t, 100000, 8585
xenium_ramalhete_queue, 128, int32_t, 100000, 12407
moodycamel_concurrentqueue, 128, int32_t, 100000, 13742
spsc_moodycamel_readerwriterqueue, 128, int32_t, 100000, 13739
spsc_moodycamel_readerwritercircularbuffer, 128, int32_t, 100000, 15311
lat_blocking_circular_queue, 128, int32_t, 100000, 4617
lat_blocking_try_circular_queue, 128, int32_t, 100000, 3834
lat_circular_queue, 128, int32_t, 100000, 5993
tp_blocking_circular_queue, 128, int32_t, 100000, 3916
tp_circular_queue, 128, int32_t, 100000, 6862
atomic_queue, 128, int32_t, 100000, 6808
atomic_queue2, 128, int32_t, 100000, 7233
try_atomic_queue2, 128, int32_t, 100000, 7579
spsc_atomic_queue, 128, int32_t, 100000, 3693
spsc_atomic_queue2, 128, int32_t, 100000, 2944
boost_queue, 128, int32_t, 100000, 23443
spsc_boost_queue, 128, int32_t, 100000, 8231
xenium_ramalhete_queue, 128, int32_t, 100000, 12088
moodycamel_concurrentqueue, 128, int32_t, 100000, 16424
spsc_moodycamel_readerwriterqueue, 128, int32_t, 100000, 13820
spsc_moodycamel_readerwritercircularbuffer, 128, int32_t, 100000, 16100
lat_blocking_circular_queue, 128, int32_t, 100000, 4376
lat_blocking_try_circular_queue, 128, int32_t, 100000, 4157
lat_circular_queue, 128, int32_t, 100000, 6496
tp_blocking_circular_queue, 128, int32_t, 100000, 3831
tp_circular_queue, 128, int32_t, 100000, 6592
atomic_queue, 128, int32_t, 100000, 6678
atomic_queue2, 128, int32_t, 100000, 7299
try_atomic_queue2, 128, int32_t, 100000, 7417
spsc_atomic_queue, 128, int32_t, 100000, 2764
spsc_atomic_queue2, 128, int32_t, 100000, 4193
boost_queue, 128, int32_t, 100000, 23897
spsc_boost_queue, 128, int32_t, 100000, 7865
xenium_ramalhete_queue, 128, int32_t, 100000, 12081
moodycamel_concurrentqueue, 128, int32_t, 100000, 17244
spsc_moodycamel_readerwriterqueue, 128, int32_t, 100000, 14287
spsc_moodycamel_readerwritercircularbuffer, 128, int32_t, 100000, 16557
lat_blocking_circular_queue, 128, int32_t, 100000, 5049
lat_blocking_try_circular_queue, 128, int32_t, 100000, 4147
lat_circular_queue, 128, int32_t, 100000, 6664
tp_blocking_circular_queue, 128, int32_t, 100000, 4050
tp_circular_queue, 128, int32_t, 100000, 5644
atomic_queue, 128, int32_t, 100000, 6726
atomic_queue2, 128, int32_t, 100000, 6972
try_atomic_queue2, 128, int32_t, 100000, 7249
spsc_atomic_queue, 128, int32_t, 100000, 2862
spsc_atomic_queue2, 128, int32_t, 100000, 2727
boost_queue, 128, int32_t, 100000, 23764
spsc_boost_queue, 128, int32_t, 100000, 8335
xenium_ramalhete_queue, 128, int32_t, 100000, 12218
moodycamel_concurrentqueue, 128, int32_t, 100000, 13749
spsc_moodycamel_readerwriterqueue, 128, int32_t, 100000, 13670
spsc_moodycamel_readerwritercircularbuffer, 128, int32_t, 100000, 16882
lat_blocking_circular_queue, 128, int32_t, 100000, 4766
lat_blocking_try_circular_queue, 128, int32_t, 100000, 4017
lat_circular_queue, 128, int32_t, 100000, 5984
tp_blocking_circular_queue, 128, int32_t, 100000, 3876
tp_circular_queue, 128, int32_t, 100000, 5770
atomic_queue, 128, int32_t, 100000, 6592
atomic_queue2, 128, int32_t, 100000, 7307
try_atomic_queue2, 128, int32_t, 100000, 7354
spsc_atomic_queue, 128, int32_t, 100000, 2662
spsc_atomic_queue2, 128, int32_t, 100000, 3258
boost_queue, 128, int32_t, 100000, 24152
spsc_boost_queue, 128, int32_t, 100000, 8158
xenium_ramalhete_queue, 128, int32_t, 100000, 12066
moodycamel_concurrentqueue, 128, int32_t, 100000, 16783
spsc_moodycamel_readerwriterqueue, 128, int32_t, 100000, 14905
spsc_moodycamel_readerwritercircularbuffer, 128, int32_t, 100000, 16743
lat_blocking_circular_queue, 128, int32_t, 100000, 4201
lat_blocking_try_circular_queue, 128, int32_t, 100000, 4173
lat_circular_queue, 128, int32_t, 100000, 6385
tp_blocking_circular_queue, 128, int32_t, 100000, 4541
tp_circular_queue, 128, int32_t, 100000, 6044
atomic_queue, 128, int32_t, 100000, 6694
atomic_queue2, 128, int32_t, 100000, 7453
try_atomic_queue2, 128, int32_t, 100000, 7402
spsc_atomic_queue, 128, int32_t, 100000, 3250
spsc_atomic_queue2, 128, int32_t, 100000, 2766
boost_queue, 128, int32_t, 100000, 23468
spsc_boost_queue, 128, int32_t, 100000, 8409
xenium_ramalhete_queue, 128, int32_t, 100000, 10791
moodycamel_concurrentqueue, 128, int32_t, 100000, 16977
spsc_moodycamel_readerwriterqueue, 128, int32_t, 100000, 14432
spsc_moodycamel_readerwritercircularbuffer, 128, int32_t, 100000, 16050
lat_blocking_circular_queue, 128, int32_t, 100000, 4339
lat_blocking_try_circular_queue, 128, int32_t, 100000, 3939
lat_circular_queue, 128, int32_t, 100000, 5818
tp_blocking_circular_queue, 128, int32_t, 100000, 5017
tp_circular_queue, 128, int32_t, 100000, 6214
atomic_queue, 128, int32_t, 100000, 6932
atomic_queue2, 128, int32_t, 100000, 7339
try_atomic_queue2, 128, int32_t, 100000, 7302
spsc_atomic_queue, 128, int32_t, 100000, 3147
spsc_atomic_queue2, 128, int32_t, 100000, 3691
boost_queue, 128, int32_t, 100000, 23889
spsc_boost_queue, 128, int32_t, 100000, 7456
xenium_ramalhete_queue, 128, int32_t, 100000, 10688
moodycamel_concurrentqueue, 128, int32_t, 100000, 16582
spsc_moodycamel_readerwriterqueue, 128, int32_t, 100000, 14336
spsc_moodycamel_readerwritercircularbuffer, 128, int32_t, 100000, 15682
lat_blocking_circular_queue, 128, int32_t, 100000, 3983
lat_blocking_try_circular_queue, 128, int32_t, 100000, 4378
lat_circular_queue, 128, int32_t, 100000, 5762
tp_blocking_circular_queue, 128, int32_t, 100000, 4220
tp_circular_queue, 128, int32_t, 100000, 6879
atomic_queue, 128, int32_t, 100000, 6661
atomic_queue2, 128, int32_t, 100000, 7083
try_atomic_queue2, 128, int32_t, 100000, 7196
spsc_atomic_queue, 128, int32_t, 100000, 2941
spsc_atomic_queue2, 128, int32_t, 100000, 3013
boost_queue, 128, int32_t, 100000, 23922
spsc_boost_queue, 128, int32_t, 100000, 8369
xenium_ramalhete_queue, 128, int32_t, 100000, 12052
moodycamel_concurrentqueue, 128, int32_t, 100000, 16947
spsc_moodycamel_readerwriterqueue, 128, int32_t, 100000, 13633
spsc_moodycamel_readerwritercircularbuffer, 128, int32_t, 100000, 16481
lat_blocking_circular_queue, 128, int32_t, 100000, 3777
lat_blocking_try_circular_queue, 128, int32_t, 100000, 3852
lat_circular_queue, 128, int32_t, 100000, 5889
tp_blocking_circular_queue, 128, int32_t, 100000, 4658
tp_circular_queue, 128, int32_t, 100000, 6205
atomic_queue, 128, int32_t, 100000, 6704
atomic_queue2, 128, int32_t, 100000, 7394
try_atomic_queue2, 128, int32_t, 100000, 7341
spsc_atomic_queue, 128, int32_t, 100000, 3839
spsc_atomic_queue2, 128, int32_t, 100000, 3161
boost_queue, 128, int32_t, 100000, 23651
spsc_boost_queue, 128, int32_t, 100000, 8246
xenium_ramalhete_queue, 128, int32_t, 100000, 12394
moodycamel_concurrentqueue, 128, int32_t, 100000, 16660
spsc_moodycamel_readerwriterqueue, 128, int32_t, 100000, 14613
spsc_moodycamel_readerwritercircularbuffer, 128, int32_t, 100000, 16161
lat_blocking_circular_queue, 128, int32_t, 100000, 4285
lat_blocking_try_circular_queue, 128, int32_t, 100000, 3937
lat_circular_queue, 128, int32_t, 100000, 5939
tp_blocking_circular_queue, 128, int32_t, 100000, 3936
tp_circular_queue, 128, int32_t, 100000, 5684
atomic_queue, 128, int32_t, 100000, 6753
atomic_queue2, 128, int32_t, 100000, 7090
try_atomic_queue2, 128, int32_t, 100000, 7580
spsc_atomic_queue, 128, int32_t, 100000, 3129
spsc_atomic_queue2, 128, int32_t, 100000, 3355
boost_queue, 128, int32_t, 100000, 23521
spsc_boost_queue, 128, int32_t, 100000, 8404
xenium_ramalhete_queue, 128, int32_t, 100000, 12185
moodycamel_concurrentqueue, 128, int32_t, 100000, 16485
spsc_moodycamel_readerwriterqueue, 128, int32_t, 100000, 14739
spsc_moodycamel_readerwritercircularbuffer, 128, int32_t, 100000, 15893
lat_blocking_circular_queue, 128, int32_t, 100000, 3919
lat_blocking_try_circular_queue, 128, int32_t, 100000, 4396
lat_circular_queue, 128, int32_t, 100000, 5651
tp_blocking_circular_queue, 128, int32_t, 100000, 4827
tp_circular_queue, 128, int32_t, 100000, 6751
atomic_queue, 128, int32_t, 100000, 6733
atomic_queue2, 128, int32_t, 100000, 7166
try_atomic_queue2, 128, int32_t, 100000, 7256
spsc_atomic_queue, 128, int32_t, 100000, 3056
spsc_atomic_queue2, 128, int32_t, 100000, 3079
boost_queue, 128, int32_t, 100000, 24112
spsc_boost_queue, 128, int32_t, 100000, 8670
xenium_ramalhete_queue, 128, int32_t, 100000, 12173
moodycamel_concurrentqueue, 128, int32_t, 100000, 16507
spsc_moodycamel_readerwriterqueue, 128, int32_t, 100000, 13745
spsc_moodycamel_readerwritercircularbuffer, 128, int32_t, 100000, 15483
lat_blocking_circular_queue, 128, int32_t, 100000, 3895
lat_blocking_try_circular_queue, 128, int32_t, 100000, 4036
lat_circular_queue, 128, int32_t, 100000, 5947
tp_blocking_circular_queue, 128, int32_t, 100000, 4231
tp_circular_queue, 128, int32_t, 100000, 6590
atomic_queue, 128, int32_t, 100000, 6689
atomic_queue2, 128, int32_t, 100000, 7169
try_atomic_queue2, 128, int32_t, 100000, 7276
spsc_atomic_queue, 128, int32_t, 100000, 2680
spsc_atomic_queue2, 128, int32_t, 100000, 2756
boost_queue, 128, int32_t, 100000, 23834
spsc_boost_queue, 128, int32_t, 100000, 8020
xenium_ramalhete_queue, 128, int32_t, 100000, 12264
moodycamel_concurrentqueue, 128, int32_t, 100000, 17246
spsc_moodycamel_readerwriterqueue, 128, int32_t, 100000, 13150
spsc_moodycamel_readerwritercircularbuffer, 128, int32_t, 100000, 16772
lat_blocking_circular_queue, 128, int32_t, 100000, 3884
lat_blocking_try_circular_queue, 128, int32_t, 100000, 3842
lat_circular_queue, 128, int32_t, 100000, 6248
tp_blocking_circular_queue, 128, int32_t, 100000, 3957
tp_circular_queue, 128, int32_t, 100000, 6217
atomic_queue, 128, int32_t, 100000, 6707
atomic_queue2, 128, int32_t, 100000, 7212
try_atomic_queue2, 128, int32_t, 100000, 7193
spsc_atomic_queue, 128, int32_t, 100000, 2666
spsc_atomic_queue2, 128, int32_t, 100000, 3025
boost_queue, 128, int32_t, 100000, 23691
spsc_boost_queue, 128, int32_t, 100000, 8208
xenium_ramalhete_queue, 128, int32_t, 100000, 10947
moodycamel_concurrentqueue, 128, int32_t, 100000, 11727
spsc_moodycamel_readerwriterqueue, 128, int32_t, 100000, 14275
spsc_moodycamel_readerwritercircularbuffer, 128, int32_t, 100000, 16451
lat_blocking_circular_queue, 128, int32_t, 100000, 3947
lat_blocking_try_circular_queue, 128, int32_t, 100000, 3783
lat_circular_queue, 128, int32_t, 100000, 5775
tp_blocking_circular_queue, 128, int32_t, 100000, 3903
tp_circular_queue, 128, int32_t, 100000, 5786
atomic_queue, 128, int32_t, 100000, 6867
atomic_queue2, 128, int32_t, 100000, 7227
try_atomic_queue2, 128, int32_t, 100000, 7230
spsc_atomic_queue, 128, int32_t, 100000, 2919
spsc_atomic_queue2, 128, int32_t, 100000, 3098
boost_queue, 128, int32_t, 100000, 23973
spsc_boost_queue, 128, int32_t, 100000, 7768
xenium_ramalhete_queue, 128, int32_t, 100000, 12343
moodycamel_concurrentqueue, 128, int32_t, 100000, 18653
spsc_moodycamel_readerwriterqueue, 128, int32_t, 100000, 13457
spsc_moodycamel_readerwritercircularbuffer, 128, int32_t, 100000, 16913
lat_blocking_circular_queue, 128, int32_t, 100000, 3897
lat_blocking_try_circular_queue, 128, int32_t, 100000, 4308
lat_circular_queue, 128, int32_t, 100000, 6352
tp_blocking_circular_queue, 128, int32_t, 100000, 4852
tp_circular_queue, 128, int32_t, 100000, 6658
atomic_queue, 128, int32_t, 100000, 6874
atomic_queue2, 128, int32_t, 100000, 7501
try_atomic_queue2, 128, int32_t, 100000, 7359
spsc_atomic_queue, 128, int32_t, 100000, 3241
spsc_atomic_queue2, 128, int32_t, 100000, 2815
boost_queue, 128, int32_t, 100000, 23515
spsc_boost_queue, 128, int32_t, 100000, 8437
xenium_ramalhete_queue, 128, int32_t, 100000, 12135
moodycamel_concurrentqueue, 128, int32_t, 100000, 16802
spsc_moodycamel_readerwriterqueue, 128, int32_t, 100000, 13744
spsc_moodycamel_readerwritercircularbuffer, 128, int32_t, 100000, 16726
lat_blocking_circular_queue, 128, int32_t, 100000, 4029
lat_blocking_try_circular_queue, 128, int32_t, 100000, 4104
lat_circular_queue, 128, int32_t, 100000, 5643
tp_blocking_circular_queue, 128, int32_t, 100000, 3956
tp_circular_queue, 128, int32_t, 100000, 7140
atomic_queue, 128, int32_t, 100000, 6705
atomic_queue2, 128, int32_t, 100000, 7027
try_atomic_queue2, 128, int32_t, 100000, 7137
spsc_atomic_queue, 128, int32_t, 100000, 2717
spsc_atomic_queue2, 128, int32_t, 100000, 3059
boost_queue, 128, int32_t, 100000, 24310
spsc_boost_queue, 128, int32_t, 100000, 8558
xenium_ramalhete_queue, 128, int32_t, 100000, 12426
moodycamel_concurrentqueue, 128, int32_t, 100000, 17373
spsc_moodycamel_readerwriterqueue, 128, int32_t, 100000, 13452
spsc_moodycamel_readerwritercircularbuffer, 128, int32_t, 100000, 16148
lat_blocking_circular_queue, 128, int32_t, 100000, 3807
lat_blocking_try_circular_queue, 128, int32_t, 100000, 4227
lat_circular_queue, 128, int32_t, 100000, 6169
tp_blocking_circular_queue, 128, int32_t, 100000, 3832
tp_circular_queue, 128, int32_t, 100000, 6181
atomic_queue, 128, int32_t, 100000, 6831
atomic_queue2, 128, int32_t, 100000, 6964
try_atomic_queue2, 128, int32_t, 100000, 7319
spsc_atomic_queue, 128, int32_t, 100000, 3131
spsc_atomic_queue2, 128, int32_t, 100000, 2944
boost_queue, 128, int32_t, 100000, 23500
spsc_boost_queue, 128, int32_t, 100000, 8565
xenium_ramalhete_queue, 128, int32_t, 100000, 12144
moodycamel_concurrentqueue, 128, int32_t, 100000, 17041
spsc_moodycamel_readerwriterqueue, 128, int32_t, 100000, 14787
spsc_moodycamel_readerwritercircularbuffer, 128, int32_t, 100000, 16658
lat_blocking_circular_queue, 128, int32_t, 100000, 4416
lat_blocking_try_circular_queue, 128, int32_t, 100000, 4162
lat_circular_queue, 128, int32_t, 100000, 6058
tp_blocking_circular_queue, 128, int32_t, 100000, 4481
tp_circular_queue, 128, int32_t, 100000, 5852
atomic_queue, 128, int32_t, 100000, 6742
atomic_queue2, 128, int32_t, 100000, 7298
try_atomic_queue2, 128, int32_t, 100000, 7026
spsc_atomic_queue, 128, int32_t, 100000, 2849
spsc_atomic_queue2, 128, int32_t, 100000, 2759
boost_queue, 128, int32_t, 100000, 23411
spsc_boost_queue, 128, int32_t, 100000, 8071
xenium_ramalhete_queue, 128, int32_t, 100000, 10848
moodycamel_concurrentqueue, 128, int32_t, 100000, 17115
spsc_moodycamel_readerwriterqueue, 128, int32_t, 100000, 14761
spsc_moodycamel_readerwritercircularbuffer, 128, int32_t, 100000, 15894
lat_blocking_circular_queue, 128, int32_t, 100000, 3824
lat_blocking_try_circular_queue, 128, int32_t, 100000, 3850
lat_circular_queue, 128, int32_t, 100000, 5639
tp_blocking_circular_queue, 128, int32_t, 100000, 4494
tp_circular_queue, 128, int32_t, 100000, 7138
atomic_queue, 128, int32_t, 100000, 6679
atomic_queue2, 128, int32_t, 100000, 7156
try_atomic_queue2, 128, int32_t, 100000, 7051
spsc_atomic_queue, 128, int32_t, 100000, 2825
spsc_atomic_queue2, 128, int32_t, 100000, 3809
boost_queue, 128, int32_t, 100000, 23744
spsc_boost_queue, 128, int32_t, 100000, 7742
xenium_ramalhete_queue, 128, int32_t, 100000, 12307
moodycamel_concurrentqueue, 128, int32_t, 100000, 16597
spsc_moodycamel_readerwriterqueue, 128, int32_t, 100000, 13224
spsc_moodycamel_readerwritercircularbuffer, 128, int32_t, 100000, 16019
lat_blocking_circular_queue, 128, int32_t, 100000, 3934
lat_blocking_try_circular_queue, 128, int32_t, 100000, 3799
lat_circular_queue, 128, int32_t, 100000, 6148
tp_blocking_circular_queue, 128, int32_t, 100000, 3821
tp_circular_queue, 128, int32_t, 100000, 5991
atomic_queue, 128, int32_t, 100000, 6781
atomic_queue2, 128, int32_t, 100000, 7084
try_atomic_queue2, 128, int32_t, 100000, 7049
spsc_atomic_queue, 128, int32_t, 100000, 3235
spsc_atomic_queue2, 128, int32_t, 100000, 3010
boost_queue, 128, int32_t, 100000, 23259
spsc_boost_queue, 128, int32_t, 100000, 8357
xenium_ramalhete_queue, 128, int32_t, 100000, 12228
moodycamel_concurrentqueue, 128, int32_t, 100000, 16524
spsc_moodycamel_readerwriterqueue, 128, int32_t, 100000, 14342
spsc_moodycamel_readerwritercircularbuffer, 128, int32_t, 100000, 16798
lat_blocking_circular_queue, 128, int32_t, 100000, 5136
lat_blocking_try_circular_queue, 128, int32_t, 100000, 3861
lat_circular_queue, 128, int32_t, 100000, 5568
tp_blocking_circular_queue, 128, int32_t, 100000, 4330
tp_circular_queue, 128, int32_t, 100000, 5793
atomic_queue, 128, int32_t, 100000, 6785
atomic_queue2, 128, int32_t, 100000, 7068
try_atomic_queue2, 128, int32_t, 100000, 7322
spsc_atomic_queue, 128, int32_t, 100000, 2836
spsc_atomic_queue2, 128, int32_t, 100000, 3376
boost_queue, 128, int32_t, 100000, 24305
spsc_boost_queue, 128, int32_t, 100000, 8302
xenium_ramalhete_queue, 128, int32_t, 100000, 11015
moodycamel_concurrentqueue, 128, int32_t, 100000, 17191
spsc_moodycamel_readerwriterqueue, 128, int32_t, 100000, 13551
spsc_moodycamel_readerwritercircularbuffer, 128, int32_t, 100000, 16041
lat_blocking_circular_queue, 128, int32_t, 100000, 4263
lat_blocking_try_circular_queue, 128, int32_t, 100000, 3913
lat_circular_queue, 128, int32_t, 100000, 6062
tp_blocking_circular_queue, 128, int32_t, 100000, 4423
tp_circular_queue, 128, int32_t, 100000, 7205
atomic_queue, 128, int32_t, 100000, 6732
atomic_queue2, 128, int32_t, 100000, 7046
try_atomic_queue2, 128, int32_t, 100000, 7223
spsc_atomic_queue, 128, int32_t, 100000, 3425
spsc_atomic_queue2, 128, int32_t, 100000, 2837
boost_queue, 128, int32_t, 100000, 23783
spsc_boost_queue, 128, int32_t, 100000, 8242
xenium_ramalhete_queue, 128, int32_t, 100000, 12382
moodycamel_concurrentqueue, 128, int32_t, 100000, 16986
spsc_moodycamel_readerwriterqueue, 128, int32_t, 100000, 13660
spsc_moodycamel_readerwritercircularbuffer, 128, int32_t, 100000, 16217
lat_blocking_circular_queue, 128, int32_t, 100000, 4072
lat_blocking_try_circular_queue, 128, int32_t, 100000, 4355
lat_circular_queue, 128, int32_t, 100000, 5884
tp_blocking_circular_queue, 128, int32_t, 100000, 3866
tp_circular_queue, 128, int32_t, 100000, 6096
atomic_queue, 128, int32_t, 100000, 6626
atomic_queue2, 128, int32_t, 100000, 7128
try_atomic_queue2, 128, int32_t, 100000, 7393
spsc_atomic_queue, 128, int32_t, 100000, 3091
spsc_atomic_queue2, 128, int32_t, 100000, 4158
boost_queue, 128, int32_t, 100000, 23801
spsc_boost_queue, 128, int32_t, 100000, 7841
xenium_ramalhete_queue, 128, int32_t, 100000, 12201
moodycamel_concurrentqueue, 128, int32_t, 100000, 16934
spsc_moodycamel_readerwriterqueue, 128, int32_t, 100000, 14191
spsc_moodycamel_readerwritercircularbuffer, 128, int32_t, 100000, 15960
lat_blocking_circular_queue, 128, int32_t, 100000, 3728
lat_blocking_try_circular_queue, 128, int32_t, 100000, 3767
lat_circular_queue, 128, int32_t, 100000, 6435
tp_blocking_circular_queue, 128, int32_t, 100000, 3863
tp_circular_queue, 128, int32_t, 100000, 6326
atomic_queue, 128, int32_t, 100000, 6751
atomic_queue2, 128, int32_t, 100000, 7099
try_atomic_queue2, 128, int32_t, 100000, 7325
spsc_atomic_queue, 128, int32_t, 100000, 3284
spsc_atomic_queue2, 128, int32_t, 100000, 4032
boost_queue, 128, int32_t, 100000, 23529
spsc_boost_queue, 128, int32_t, 100000, 8108
xenium_ramalhete_queue, 128, int32_t, 100000, 12421
moodycamel_concurrentqueue, 128, int32_t, 100000, 17120
spsc_moodycamel_readerwriterqueue, 128, int32_t, 100000, 13495
spsc_moodycamel_readerwritercircularbuffer, 128, int32_t, 100000, 16236
lat_blocking_circular_queue, 128, int32_t, 100000, 3850
lat_blocking_try_circular_queue, 128, int32_t, 100000, 3714
lat_circular_queue, 128, int32_t, 100000, 6187
tp_blocking_circular_queue, 128, int32_t, 100000, 4655
tp_circular_queue, 128, int32_t, 100000, 5632
atomic_queue, 128, int32_t, 100000, 6713
atomic_queue2, 128, int32_t, 100000, 7286
try_atomic_queue2, 128, int32_t, 100000, 7037
spsc_atomic_queue, 128, int32_t, 100000, 3789
spsc_atomic_queue2, 128, int32_t, 100000, 2760
boost_queue, 128, int32_t, 100000, 23894
spsc_boost_queue, 128, int32_t, 100000, 8702
xenium_ramalhete_queue, 128, int32_t, 100000, 10953
moodycamel_concurrentqueue, 128, int32_t, 100000, 17453
spsc_moodycamel_readerwriterqueue, 128, int32_t, 100000, 13371
spsc_moodycamel_readerwritercircularbuffer, 128, int32_t, 100000, 16437
lat_blocking_circular_queue, 128, int32_t, 100000, 4066
lat_blocking_try_circular_queue, 128, int32_t, 100000, 3918
lat_circular_queue, 128, int32_t, 100000, 5649
tp_blocking_circular_queue, 128, int32_t, 100000, 3973
tp_circular_queue, 128, int32_t, 100000, 7017
atomic_queue, 128, int32_t, 100000, 6658
atomic_queue2, 128, int32_t, 100000, 7391
try_atomic_queue2, 128, int32_t, 100000, 7102
spsc_atomic_queue, 128, int32_t, 100000, 2666
spsc_atomic_queue2, 128, int32_t, 100000, 2911
boost_queue, 128, int32_t, 100000, 23927
spsc_boost_queue, 128, int32_t, 100000, 8596
xenium_ramalhete_queue, 128, int32_t, 100000, 12032
moodycamel_concurrentqueue, 128, int32_t, 100000, 16464
spsc_moodycamel_readerwriterqueue, 128, int32_t, 100000, 14061
spsc_moodycamel_readerwritercircularbuffer, 128, int32_t, 100000, 16185
lat_blocking_circular_queue, 128, int32_t, 100000, 4056
lat_blocking_try_circular_queue, 128, int32_t, 100000, 4074
lat_circular_queue, 128, int32_t, 100000, 5640
tp_blocking_circular_queue, 128, int32_t, 100000, 4911
tp_circular_queue, 128, int32_t, 100000, 5854
atomic_queue, 128, int32_t, 100000, 6643
atomic_queue2, 128, int32_t, 100000, 7250
try_atomic_queue2, 128, int32_t, 100000, 7321
spsc_atomic_queue, 128, int32_t, 100000, 2913
spsc_atomic_queue2, 128, int32_t, 100000, 3861
boost_queue, 128, int32_t, 100000, 23490
spsc_boost_queue, 128, int32_t, 100000, 7872
xenium_ramalhete_queue, 128, int32_t, 100000, 10711
moodycamel_concurrentqueue, 128, int32_t, 100000, 17844
spsc_moodycamel_readerwriterqueue, 128, int32_t, 100000, 13788
spsc_moodycamel_readerwritercircularbuffer, 128, int32_t, 100000, 16154
lat_blocking_circular_queue, 128, int32_t, 100000, 4844
lat_blocking_try_circular_queue, 128, int32_t, 100000, 4218
lat_circular_queue, 128, int32_t, 100000, 5878
tp_blocking_circular_queue, 128, int32_t, 100000, 6627
tp_circular_queue, 128, int32_t, 100000, 5706
atomic_queue, 128, int32_t, 100000, 6670
atomic_queue2, 128, int32_t, 100000, 7350
try_atomic_queue2, 128, int32_t, 100000, 7222
spsc_atomic_queue, 128, int32_t, 100000, 2716
spsc_atomic_queue2, 128, int32_t, 100000, 2835
boost_queue, 128, int32_t, 100000, 24558
spsc_boost_queue, 128, int32_t, 100000, 8117
xenium_ramalhete_queue, 128, int32_t, 100000, 12164
moodycamel_concurrentqueue, 128, int32_t, 100000, 17287
spsc_moodycamel_readerwriterqueue, 128, int32_t, 100000, 14193
spsc_moodycamel_readerwritercircularbuffer, 128, int32_t, 100000, 16496
lat_blocking_circular_queue, 128, int32_t, 100000, 4300
lat_blocking_try_circular_queue, 128, int32_t, 100000, 3869
lat_circular_queue, 128, int32_t, 100000, 5772
tp_blocking_circular_queue, 128, int32_t, 100000, 3789
tp_circular_queue, 128, int32_t, 100000, 6431
atomic_queue, 128, int32_t, 100000, 6693
atomic_queue2, 128, int32_t, 100000, 7397
try_atomic_queue2, 128, int32_t, 100000, 7422
spsc_atomic_queue, 128, int32_t, 100000, 2825
spsc_atomic_queue2, 128, int32_t, 100000, 2967
boost_queue, 128, int32_t, 100000, 24147
spsc_boost_queue, 128, int32_t, 100000, 8254
xenium_ramalhete_queue, 128, int32_t, 100000, 11814
moodycamel_concurrentqueue, 128, int32_t, 100000, 17255
spsc_moodycamel_readerwriterqueue, 128, int32_t, 100000, 14109
spsc_moodycamel_readerwritercircularbuffer, 128, int32_t, 100000, 15902
lat_blocking_circular_queue, 128, int32_t, 100000, 3792
lat_blocking_try_circular_queue, 128, int32_t, 100000, 3803
lat_circular_queue, 128, int32_t, 100000, 6010
tp_blocking_circular_queue, 128, int32_t, 100000, 4162
tp_circular_queue, 128, int32_t, 100000, 5478
atomic_queue, 128, int32_t, 100000, 6792
atomic_queue2, 128, int32_t, 100000, 7331
try_atomic_queue2, 128, int32_t, 100000, 7213
spsc_atomic_queue, 128, int32_t, 100000, 2821
spsc_atomic_queue2, 128, int32_t, 100000, 3444
boost_queue, 128, int32_t, 100000, 23906
spsc_boost_queue, 128, int32_t, 100000, 8489
xenium_ramalhete_queue, 128, int32_t, 100000, 10930
moodycamel_concurrentqueue, 128, int32_t, 100000, 17283
spsc_moodycamel_readerwriterqueue, 128, int32_t, 100000, 14431
spsc_moodycamel_readerwritercircularbuffer, 128, int32_t, 100000, 16014
lat_blocking_circular_queue, 128, int32_t, 100000, 5473
lat_blocking_try_circular_queue, 128, int32_t, 100000, 4390
lat_circular_queue, 128, int32_t, 100000, 5632
tp_blocking_circular_queue, 128, int32_t, 100000, 4403
tp_circular_queue, 128, int32_t, 100000, 6173
atomic_queue, 128, int32_t, 100000, 6690
atomic_queue2, 128, int32_t, 100000, 7389
try_atomic_queue2, 128, int32_t, 100000, 7228
spsc_atomic_queue, 128, int32_t, 100000, 2589
spsc_atomic_queue2, 128, int32_t, 100000, 3406
boost_queue, 128, int32_t, 100000, 24229
spsc_boost_queue, 128, int32_t, 100000, 8601
xenium_ramalhete_queue, 128, int32_t, 100000, 12319
moodycamel_concurrentqueue, 128, int32_t, 100000, 16354
spsc_moodycamel_readerwriterqueue, 128, int32_t, 100000, 13394
spsc_moodycamel_readerwritercircularbuffer, 128, int32_t, 100000, 16439
lat_blocking_circular_queue, 128, int32_t, 100000, 4012
lat_blocking_try_circular_queue, 128, int32_t, 100000, 4181
lat_circular_queue, 128, int32_t, 100000, 6885
tp_blocking_circular_queue, 128, int32_t, 100000, 4685
tp_circular_queue, 128, int32_t, 100000, 6883
atomic_queue, 128, int32_t, 100000, 6771
atomic_queue2, 128, int32_t, 100000, 7201
try_atomic_queue2, 128, int32_t, 100000, 7569
spsc_atomic_queue, 128, int32_t, 100000, 2987
spsc_atomic_queue2, 128, int32_t, 100000, 2838
boost_queue, 128, int32_t, 100000, 23913
spsc_boost_queue, 128, int32_t, 100000, 7412
xenium_ramalhete_queue, 128, int32_t, 100000, 10922
moodycamel_concurrentqueue, 128, int32_t, 100000, 14152
spsc_moodycamel_readerwriterqueue, 128, int32_t, 100000, 14104
spsc_moodycamel_readerwritercircularbuffer, 128, int32_t, 100000, 15984
lat_blocking_circular_queue, 128, int32_t, 100000, 4367
lat_blocking_try_circular_queue, 128, int32_t, 100000, 4069
lat_circular_queue, 128, int32_t, 100000, 6009
tp_blocking_circular_queue, 128, int32_t, 100000, 3834
tp_circular_queue, 128, int32_t, 100000, 6109
atomic_queue, 128, int32_t, 100000, 6629
atomic_queue2, 128, int32_t, 100000, 7355
try_atomic_queue2, 128, int32_t, 100000, 7448
spsc_atomic_queue, 128, int32_t, 100000, 4042
spsc_atomic_queue2, 128, int32_t, 100000, 2818
boost_queue, 128, int32_t, 100000, 23578
spsc_boost_queue, 128, int32_t, 100000, 8368
xenium_ramalhete_queue, 128, int32_t, 100000, 12098
moodycamel_concurrentqueue, 128, int32_t, 100000, 17291
spsc_moodycamel_readerwriterqueue, 128, int32_t, 100000, 13756
spsc_moodycamel_readerwritercircularbuffer, 128, int32_t, 100000, 16986
